{"init_keypoint_positions": [[-133.7366038468817, -108.26918621948616, -699.7559856409412], [-121.45801981931697, -197.34004964379443, -657.7494875202445], [97.87839954150142, -225.20699859501195, -630.6542116396499], [133.4735708562384, -193.98607374764538, -702.4548547308808], [-0.014630499160456906, 9.235501292319018e-05, -8.075793452051487e-05], [153.75536410828383, -197.05784180652287, -620.3528480752622]], "num_keypoints": 6, "num_stages": 2, "grasp_keypoints": [0, -1], "release_keypoints": [0]}